Workbook

Sheet Meta descriptions
A1: Sidtyp | B1: Filnamn | C1: Nuvarande meta description | D1: Tecken | E1: Status | F1: Ny meta description (fyll i här) | G1: Tecken (ny)
A2: Startsida | B2: index.html | C2: Hitta din run club i Sverige. Vi listar run clubs i Stockholm, Göteborg och Malmö — med beskrivningar, tider och filtreringssystem. | D2: =LEN(C2) -> 131 | E2: OK | F2: Hitta de coolaste löpargrupperna och run clubs i Stockholm, Göteborg och Malmö. För dig som jagar PB — eller bara vill hänga med sköna människor. | G2: =IF(F2="","",LEN(F2)) -> 145
A3: Stadssida | B3: goteborg.html | C3: Hitta din run club i Göteborg. Vi listar run clubs i Göteborg med beskrivningar, tider och filtreringssystem. | D3: =LEN(C3) -> 109 | E3: OK | F3: Göteborgs skönaste löpargrupper — Slottsskogen, Änggårdsbergen, Delsjön. Filtrera på dag och nivå, hitta din crew och hoppa på. | G3: =IF(F3="","",LEN(F3)) -> 127
A4: Stadssida | B4: malmo.html | C4: Hitta din run club i Malmö. Vi listar run clubs i Malmö med beskrivningar, tider och filtreringssystem. | D4: =LEN(C4) -> 103 | E4: OK | F4: Malmös coolaste löpargrupper — från Ribersborg till afterrun-öl och månadsresor till Köpenhamn. Hitta din crew och börja springa. | G4: =IF(F4="","",LEN(F4)) -> 129
A5: Stadssida | B5: stockholm.html | C5: Hitta din run club i Stockholm. Vi listar 23 run clubs i Stockholm med beskrivningar, tider och filtreringssystem. | D5: =LEN(C5) -> 114 | E5: OK | F5: Stockholms 23 coolaste löpargrupper — från morgonlöp i Hagaparken till after work på Södermalm. Hitta din crew och dra igång. | G5: =IF(F5="","",LEN(F5)) -> 125
A6: Sajtsida | B6: klubb.html | D6: =LEN(C6) -> 0 | E6: Saknas | F6: Upptäck en löpargrupp — tider, startplats, nivå och vad som väntar. Hitta din crew och dra på dig skorna. | G6: =IF(F6="","",LEN(F6)) -> 105
A7: Sajtsida | B7: kommande-lopp.html | C7: Hitta kommande löptävlingar i Sverige — Stockholm, Göteborg och Malmö. 10 km, halvmaraton, maraton och mer. | D7: =LEN(C7) -> 107 | E7: OK | F7: Kommande löptävlingar i Sverige — 10 km, halvmaraton och marathon i Stockholm, Göteborg och Malmö. Hitta ditt nästa lopp. | G7: =IF(F7="","",LEN(F7)) -> 121
A8: Sajtsida | B8: kontakt.html | C8: Kontakta Swedish Run Clubs — tipsa om en klubb, skicka nyhetstips eller fråga om samarbete. | D8: =LEN(C8) -> 91 | E8: OK | F8: Tipsa om en klubb, skicka nyhetstips eller dra igång ett samarbete. Hör av dig — vi svarar oftast samma dag. | G8: =IF(F8="","",LEN(F8)) -> 108
A9: Sajtsida | B9: nyheter.html | C9: Senaste nytt från den svenska löparvärlden — run club-trender, lopp och nyheter från Stockholm, Göteborg och Malmö. | D9: =LEN(C9) -> 115 | E9: OK | F9: Senaste nytt från svenska löparvärlden — trender, lopp, klubb-drop och grejer att ha koll på. Uppdateras varje vecka. | G9: =IF(F9="","",LEN(F9)) -> 117
A10: Sajtsida | B10: om-oss.html | C10: Swedish Run Clubs är sajten jag saknade när jag skulle börja springa igen. Byggt av Amanda Hultin, konsult inom hälsa och livsstil. | D10: =LEN(C10) -> 131 | E10: OK | F10: Sajten för dig som letar en löpargrupp att hänga med. Läs om idén bakom Swedish Run Clubs, vilka klubbar vi listar och vad som kommer härnäst. | G10: =IF(F10="","",LEN(F10)) -> 142
A11: Sajtsida | B11: samarbeta.html | C11: Nå Sveriges mest engagerade löpare genom Swedish Run Clubs. Nyhetsbrev, sajt och sociala medier — vi hjälper dig nå rätt målgrupp. | D11: =LEN(C11) -> 130 | E11: OK | F11: Nå Sveriges mest engagerade löpare — via sajt, nyhetsbrev och sociala medier. Bygg en kampanj som landar. Dra igång snacket här. | G11: =IF(F11="","",LEN(F11)) -> 128
A12: Nyhetsinlägg | B12: stockholm-marathon-2026-slutsalt.html | C12: Stockholm Marathon 2026 är slutsålt på rekordtid — 25 000 startplatser fyllda. Läs mer om loppet den 30 maj. | D12: =LEN(C12) -> 108 | E12: OK | F12: Stockholm Marathon 2026 slutsålt på rekordtid — 25 000 platser borta. Läs om loppet den 30 maj och vad det säger om löparåret. | G12: =IF(F12="","",LEN(F12)) -> 126
A13: Nyhetsinlägg | B13: tjejer-tar-over-lopsparen.html | C13: Tjejer tar över löpspåren — aldrig har så många tjejer sprungit i grupp. Läs om trenden som sveper över Sverige. | D13: =LEN(C13) -> 112 | E13: OK | F13: Aldrig har så många tjejer sprungit i grupp. Läs om trenden som sveper över Sverige — och hitta en grupp att hänga med. | G13: =IF(F13="","",LEN(F13)) -> 119
A14: Klubbsida | B14: aero-boys-club.html | C14: Aero Boys Club — hemlig löpargrupp i Göteborg. Mer info kommer när vi får det. | D14: =LEN(C14) -> 78 | E14: Kort (<80) | F14: Aero Boys Club — Göteborgs mest hemlighetsfulla löpargrupp. Info kommer. Håll koll här så missar du inget drop. | G14: =IF(F14="","",LEN(F14)) -> 111
A15: Klubbsida | B15: andmorerunning.html | C15: &morerunning — nystartad löpargrupp för tjejer i Stockholm. Söndagar 11:00. | D15: =LEN(C15) -> 75 | E15: Kort (<80) | F15: &morerunning — nystartad Stockholmsklubb för tjejer. Söndagar 11:00, chill tempo, bra sällskap. Kom och testa första passet. | G15: =IF(F15="","",LEN(F15)) -> 124
A16: Klubbsida | B16: burgers-n-brew-run-crew.html | C16: Burgers 'N' Brew Run Crew — intervallklubb i Stockholm sedan 2017. Onsdagar 18:20. | D16: =LEN(C16) -> 82 | E16: OK | F16: Stockholms intervallkollektiv sedan 2017. Onsdagar — snabbare ben, burgare och öl efter passet. Häng med. | G16: =IF(F16="","",LEN(F16)) -> 105
A17: Klubbsida | B17: core-run-club.html | C17: Core Run Club Göteborg — löpargrupp för tjejer. Både distans och tempopass. | D17: =LEN(C17) -> 75 | E17: Kort (<80) | F17: Core Run Club Göteborg — crew för tjejer. Distans och tempopass varvat. Bli starkare, snabbare och hitta ditt nya hängäng. | G17: =IF(F17="","",LEN(F17)) -> 122
A18: Klubbsida | B18: dopest-runners.html | C18: Dopest Runners i Stockholm — grundad 2021 av Ninos och Kristian Icho. Tränar tisdagar, torsdagar och söndagar från Liljeholmen. Bag drop på varje pass. | D18: =LEN(C18) -> 151 | E18: OK | F18: Stockholms Dopest Runners — tisdagar, torsdagar och söndagar från Liljeholmen. Bag drop på varje pass. Alla nivåer, dyk in. | G18: =IF(F18="","",LEN(F18)) -> 123
... A25: Klubbsida | B25: mikkeller-running-club-sthlm.html | C25: Mikkeller Running Club Stockholm — globalt löparcommunity sedan 10 år. Onsdagar 18:00 från Mikkeller Bar. | D25: =LEN(C25) -> 105 | E25: OK | F25: Mikkeller Running Club Stockholm — globalt community sedan 10 år. Onsdagar 18:00 från Mikkeller Bar. Öl efter. Dyk in. | G25: =IF(F25="","",LEN(F25)) -> 118
A26: Klubbsida | B26: mrc-malmo.html | D26: =LEN(C26) -> 0 | E26: Saknas | F26: [DUBBLETT — ta bort. Uppdaterad version finns i mrc-malmo.html (utan mellanslag).] | G26: =IF(F26="","",LEN(F26)) -> 82
A27: Klubbsida | B27: mrc-malmo.html | C27: MRC Malmö — en av Malmös mest aktiva löparklubbar. Social run med afterrun-öl och månatliga resor till Köpenhamn. | D27: =LEN(C27) -> 113 | E27: OK | F27: Malmös mest aktiva löparklubb — social run med afterrun-öl och månadsresor till Köpenhamn. Bra vibes, alla nivåer. Häng med. | G27: =IF(F27="","",LEN(F27)) -> 124
A28: Klubbsida | B28: pulse-pacers.html | C28: Pulse Pacers — 5 km-löpargrupp i Stockholm. Onsdagar 18:30 från The King's Fox. | D28: =LEN(C28) -> 79 | E28: Kort (<80) | F28: Pulse Pacers — 5 km-crew i Stockholm. Onsdagar 18:30 från The King's Fox. Perfekt för nybörjare och chill tempo. Häng med. | G28: =IF(F28="","",LEN(F28)) -> 122
A29: Klubbsida | B29: run-collective-stockholm.html | C29: Run Collective Stockholm — löpargrupp sedan 2022. Tisdagar & lördagar från Biscuitkonditoriet på Södermalm. | D29: =LEN(C29) -> 107 | E29: OK | F29: Run Collective Stockholm sedan 2022. Tisdagar och lördagar från Biscuitkonditoriet på Södermalm. Alla nivåer — dyk in. | G29: =IF(F29="","",LEN(F29)) -> 118
A30: Klubbsida | B30: runday.html | C30: Runday — löpargrupp i Stockholm. Intervaller och tröskelpass måndagar och onsdagar 18:00. | D30: =LEN(C30) -> 89 | E30: OK | F30: Runday Stockholm — för dig som vill springa snabbare. Intervaller och tröskelpass måndagar och onsdagar 18:00. Kom och testa. | G30: =IF(F30="","",LEN(F30)) -> 125
A31: Klubbsida | B31: she-runs-club.html | C31: She Runs Club Göteborg — löpargrupp för tjejer som vill utmana sig själva i en varm, inkluderande miljö. | D31: =LEN(C31) -> 104 | E31: OK | F31: She Runs Club Göteborg — crew för tjejer som vill utmana sig själva. Varm, inkluderande vibe, alla nivåer. Häng med. | G31: =IF(F31="","",LEN(F31)) -> 116
A32: Klubbsida | B32: slowrunners-goteborg.html | C32: Slowrunners Göteborg — löpargrupp för dig som vill springa i lugnt tempo. Söndagar 10:00 Redbergsplatsen. | D32: =LEN(C32) -> 105 | E32: OK | F32: Slowrunners Göteborg — för dig som vill springa chill. Söndagar 10:00 från Redbergsplatsen. Inget tempokrav, bara bra sällskap. | G32: =IF(F32="","",LEN(F32)) -> 127
A33: Klubbsida | B33: slowrunners-sthlm.html | C33: Slowrunners Sthlm — löpargrupp för dig som vill ta det lugnt. Söndagar 10:00 vid Tanto utegym. | D33: =LEN(C33) -> 94 | E33: OK | F33: Slowrunners Sthlm — för dig som tar det lugnt. Söndagar 10:00 vid Tanto utegym. Inget tempokrav, bara bra sällskap. | G33: =IF(F33="","",LEN(F33)) -> 115
A34: Klubbsida | B34: soderloparna-stockholm.html | C34: Söderlöparna Stockholm — lugn lördagslöpning från Gullmarsplan med fikastopp efteråt. | D34: =LEN(C34) -> 85 | E34: OK | F34: Söderlöparna Stockholm — chill lördagslöpning från Gullmarsplan med fikastopp efteråt. Bra sällskap, alla välkomna. | G34: =IF(F34="","",LEN(F34)) -> 115
A35: Klubbsida | B35: solemates-runclub.html | C35: Solemates Runclub Stockholm — social löpargrupp för alla nivåer. Tisdagar 19:30 från Karlavägen. | D35: =LEN(C35) -> 96 | E35: OK | F35: Solemates Runclub Stockholm — social löpargrupp för alla nivåer. Tisdagar 19:30 från Karlavägen. Ingen anmälan, bara dyk in. | G35: =IF(F35="","",LEN(F35)) -> 124
A36: Klubbsida | B36: stockholm-run-club.html | C36: Stockholm Run Club — gratis löparklubb för alla nivåer. Tränar tisdagar och söndagar på Östermalm. Grundad 2020, driven av Adidas och Red Bull. | D36: =LEN(C36) -> 143 | E36: OK | F36: Gratis löparklubb för alla nivåer — tisdagar och söndagar på Östermalm. Grundad 2020, backad av Adidas och Red Bull. Dyk in. | G36: =IF(F36="","",LEN(F36)) -> 124
A37: Klubbsida | B37: svedjans-lopsallskap.html | C37: Svedjans Löpsällskap — löparsällskap i Stockholm som gillar bullar. Måndagar från Svedjan Bageri. | D37: =LEN(C37) -> 97 | E37: OK | F37: Löparsällskapet som gillar bullar. Måndagar 17:00 från Svedjan Bageri — bra sällskap, magiska bakverk, gratis. Häng med. | G37: =IF(F37="","",LEN(F37)) -> 120
A38: Klubbsida | B38: sweden-runners-goteborg.html | C38: Sweden Runners Göteborg — ledarledda löparpass i Änggårdsbergen varje torsdag kl 18:00. Alla nivåer välkomna. 649 kr/år, täcks av friskvårdsbidrag. | D38: =LEN(C38) -> 147 | E38: OK | F38: Sweden Runners Göteborg — ledarledda pass i Änggårdsbergen varje torsdag 18:00. Alla nivåer. 649 kr/år, friskvårdsbidrag ok. | G38: =IF(F38="","",LEN(F38)) -> 124
A39: Klubbsida | B39: sweden-runners-malmo.html | D39: =LEN(C39) -> 0 | E39: Saknas | F39: [FIXA FILNAMNET — denna har ett ledande mellanslag. Döp om till sweden-runners-malmo.html och skriv in ny meta description.] | G39: =IF(F39="","",LEN(F39)) -> 124
A40: Klubbsida | B40: triple-threshold-rc.html | C40: Triple Threshold RC — löparcommunion på Södermalm. Långpass och intervaller, ons + lör. | D40: =LEN(C40) -> 87 | E40: OK | F40: Triple Threshold RC — Södermalms löparcommunity. Långpass och intervaller, onsdagar och lördagar. Alla välkomna — häng på. | G40: =IF(F40="","",LEN(F40)) -> 122
A41: Klubbsida | B41: yo-running-club.html | C41: Yo Running Club i Stockholm — en av stadens mest populära löparklubbar. Tränar tisdagar och lördagar från Torsgatan 40 i Vasastan. | D41: =LEN(C41) -> 130 | E41: OK | F41: Yo Running Club — en av Stockholms mest populära löparklubbar. Tisdagar och lördagar från Torsgatan 40 i Vasastan. Dyk in. | G41: =IF(F41="","",LEN(F41)) -> 122
A42: Klubbsida | B42: zlk-zinken-lopklubb.html | C42: ZLK Zinken Löpklubb — glad löparklubb i Stockholm. Onsdagar från Zinkensdamms IP. | D42: =LEN(C42) -> 81 | E42: OK | F42: ZLK Zinken Löpklubb — glada löpare i Stockholm. Onsdagar från Zinkensdamms IP. Bra vibes, alla nivåer, ingen anmälan. | G42: =IF(F42="","",LEN(F42)) -> 117

Sheet Summering
A1: Statistik
A2: Antal sidor totalt | B2: =COUNTA('Meta descriptions'!B2:B200) -> 41
A3: Antal OK | B3: =COUNTIF('Meta descriptions'!E2:E200,"OK") -> 33
A4: Antal korta (<80) | B4: =COUNTIF('Meta descriptions'!E2:E200,"Kort (<80)") -> 5
A5: Antal långa (>155) | B5: =COUNTIF('Meta descriptions'!E2:E200,"Lång (>155)") -> 0
A6: Antal som saknas | B6: =COUNTIF('Meta descriptions'!E2:E200,"Saknas") -> 3
A7: Dubbletter | B7: =COUNTIF('Meta descriptions'!E2:E200,"Dubblett (ledande mellanslag)") -> 0
